#x,y,z,vx,vy,vz (vel 5mm/yr)
4676636.45813,651432.946234,1309468.04278,-0.0000325,-0.00185,-0.0034
